{
  "overall_stuff": {
    "a": 1.0000000000000002,
    "b": -1.4210854715202004e-14,
    "r2": 0.483672175771933
  },
  "overall_loc": {
    "a": 0.9999999999999997,
    "b": 1.4210854715202004e-14,
    "r2": 0.19573722867673093
  },
  "overall_pitching": {
    "a": 1.5264749740842765,
    "b": -52.98915934501305,
    "r2": 0.4650260528090564
  },
  "pitch_type": {
    "FF_stuff": {
      "a": 0.8885403485728465,
      "b": 6.772026822390515,
      "r2": 0.4717893546724573,
      "n": 1985
    },
    "FF_loc": {
      "a": 0.9166851135196744,
      "b": 8.651132890619138,
      "r2": 0.1517063515257523,
      "n": 1985
    },
    "FF_pitching": {
      "a": 1.5001919042131118,
      "b": -56.147192278451044,
      "r2": 0.40655390098471444,
      "n": 1985
    },
    "SI_stuff": {
      "a": 0.963132626305702,
      "b": 2.8701908261896847,
      "r2": 0.44650953674023786,
      "n": 1300
    },
    "SI_loc": {
      "a": 1.8151814471313088,
      "b": -80.37504103600976,
      "r2": 0.1905850676735793,
      "n": 1300
    },
    "SI_pitching": {
      "a": 1.9671936353815975,
      "b": -94.26367974214315,
      "r2": 0.2316057979233339,
      "n": 1300
    },
    "FC_stuff": {
      "a": 0.2341595308495884,
      "b": 72.29666179284345,
      "r2": 0.04494422858734404,
      "n": 774
    },
    "FC_loc": {
      "a": 1.073998857835125,
      "b": -6.311198739116051,
      "r2": 0.23362042212113865,
      "n": 774
    },
    "FC_pitching": {
      "a": 0.8872149051835417,
      "b": 11.706256322341375,
      "r2": 0.18220775284556445,
      "n": 774
    },
    "SL_stuff": {
      "a": 0.4232955829395421,
      "b": 63.56361237571497,
      "r2": 0.12496589766504851,
      "n": 1422
    },
    "SL_loc": {
      "a": 0.9118591727805204,
      "b": 8.708477939652383,
      "r2": 0.21203613755295236,
      "n": 1422
    },
    "SL_pitching": {
      "a": 0.9697094424403242,
      "b": 7.244099836481169,
      "r2": 0.26188045347529987,
      "n": 1422
    },
    "CH_stuff": {
      "a": 0.6964910312795359,
      "b": 23.803945054632493,
      "r2": 0.26612984491796443,
      "n": 1230
    },
    "CH_loc": {
      "a": 1.1853185629960135,
      "b": -17.70235418143669,
      "r2": 0.3167750130394572,
      "n": 1230
    },
    "CH_pitching": {
      "a": 1.4203669484116301,
      "b": -47.761205577067685,
      "r2": 0.31933804724050774,
      "n": 1230
    },
    "CU_stuff": {
      "a": 0.44809538622998957,
      "b": 57.11984319308473,
      "r2": 0.1812277654311174,
      "n": 768
    },
    "CU_loc": {
      "a": 0.7937118657944846,
      "b": 21.507383802456644,
      "r2": 0.1938028341851481,
      "n": 768
    },
    "CU_pitching": {
      "a": 0.7449715285119097,
      "b": 21.21569959832958,
      "r2": 0.2005049453730985,
      "n": 768
    },
    "KC_stuff": {
      "a": 0.7517218533187412,
      "b": 28.506769380732777,
      "r2": 0.22275721173175156,
      "n": 141
    },
    "KC_loc": {
      "a": 0.9428526042266803,
      "b": 6.303264403690363,
      "r2": 0.19238479779855822,
      "n": 141
    },
    "KC_pitching": {
      "a": 1.320700142619712,
      "b": -32.50643701402652,
      "r2": 0.338317025627207,
      "n": 141
    },
    "FS_stuff": {
      "a": 0.7391710881154107,
      "b": 28.508774601823845,
      "r2": 0.18988168786290416,
      "n": 272
    },
    "FS_loc": {
      "a": 1.1511575441403843,
      "b": -15.554928851781582,
      "r2": 0.28446956148934655,
      "n": 272
    },
    "FS_pitching": {
      "a": 1.7313615930515005,
      "b": -73.94062384751649,
      "r2": 0.44144588128509266,
      "n": 272
    }
  }
}