{
  "FF": {
    "stuff_mean": 0.0004331468709789712,
    "stuff_scale": 0.00691276244710052,
    "location_mean": 0.0004335626139293468,
    "location_scale": 0.03553283649478392
  },
  "SI": {
    "stuff_mean": -0.001402855893906722,
    "stuff_scale": 0.005821331936092898,
    "location_mean": -0.001418272017709867,
    "location_scale": 0.03661153906378121
  },
  "FC": {
    "stuff_mean": -9.3788568160992e-05,
    "stuff_scale": 0.004408091734855439,
    "location_mean": -8.954165588868272e-05,
    "location_scale": 0.030873248262068186
  },
  "SL": {
    "stuff_mean": -0.0015535178152004862,
    "stuff_scale": 0.003777185258481925,
    "location_mean": -0.00155133388344284,
    "location_scale": 0.02756681495174829
  },
  "ST": {
    "stuff_mean": -0.001312594198740195,
    "stuff_scale": 0.005540426109675029,
    "location_mean": -0.0013129903431776523,
    "location_scale": 0.029180646851034032
  },
  "CH": {
    "stuff_mean": 0.0017492904632262255,
    "stuff_scale": 0.006011457805395778,
    "location_mean": 0.0017782066376260902,
    "location_scale": 0.031172410790508608
  },
  "CU": {
    "stuff_mean": 0.0019203738031080592,
    "stuff_scale": 0.004663948182904266,
    "location_mean": 0.0019349070430915124,
    "location_scale": 0.026591250680193478
  },
  "FS": {
    "stuff_mean": -0.002298179937529021,
    "stuff_scale": 0.007505411346993951,
    "location_mean": -0.002314652029132872,
    "location_scale": 0.028133582326947345
  },
  "SV": {
    "stuff_mean": -0.0016899871497446852,
    "stuff_scale": 0.0074959120470165395,
    "location_mean": -0.0016729509333623083,
    "location_scale": 0.03256533808164481
  },
  "KC": {
    "stuff_mean": -0.0001774945072068853,
    "stuff_scale": 0.004701973763831236,
    "location_mean": -0.004871323490648193,
    "location_scale": 0.025266533355351038
  }
}